id,parent,tipo,sku,nombre,old_stock,new_stock,new_status,old_status,manage,tipo_cambio
19306,19304,variation,810121058954,EVP 3D BLACK LEMONADE-EVOGEN,11,10,instock,instock,True,stock+/-
9723,0,simple,666222097404,SUPER FAT BURNER + (MHP),79,78,instock,instock,True,stock+/-
9200,0,simple,612590416019,"OMEGA 3, ACEITE DE PESCADO LANDERFIT",104,102,instock,instock,True,stock+/-
18855,18854,variation,713101732045,PROLIVE BIO6 CRISPY TOFFEE 6 LBS IMPULSE,42,41,instock,instock,True,stock+/-
14414,0,simple,612590415883,COLAGENO-HIDROLIZADO + VITAMINA C + ÁCIDO HIALURONICO – SABOR NARANJA – 30 SERV – LANDERFIT,111,110,instock,instock,True,stock+/-
140,0,simple,811213027513,BPI MICRONIZED CREATINA 600G UNFLAVORED,108,107,instock,instock,True,stock+/-
18957,18955,variation,631656716962,MASS TECH EXTREME 2000-6 LBS TRIPLE CHOCOLATE BROWNIE,34,33,instock,instock,True,stock+/-
18191,18186,variation,745560722176,PROLIVE BIO5 COOKIS AND CREAM DE 5LB IMPULSE,103,101,instock,instock,True,stock+/-
18190,18186,variation,745560722145,PROLIVE BIO5 STRAWBERRY ICE CREAN 5 LBS IMPULSE,308,307,instock,instock,True,stock+/-
19819,19817,variation,748927028652,GOLD STANDAR WHEY VAINILLA ICE CREAN 1.98 LBS,26,25,instock,instock,True,stock+/-
128,0,simple,703556204808,COLAGENO DR. JOINT PROFESSIONAL JOINT SUPPORT TUTTI FRUTTI 52 SERV. IMPULSE,56,55,instock,instock,True,stock+/-
19751,19744,variation,817189020237,ISOJECT CHOCOLATE PEANUT BUTTER 1.97 LBS EVOGEN,7,6,outofstock,instock,True,stock+/-
11803,0,simple,713101732076,PROTEINA VEGANA DE 4 LBS PANCAKE IMPULSE,11,10,instock,instock,True,stock+/-
19084,19081,variation,748927062731,AMINO ENERGY RTD SPARLING AE JUCY CHERRY OPTIMUN NUTRICION,476,474,instock,instock,True,stock+/-
13114,0,simple,850026029925,CREATINA MONOHIDRATE 200 SERVING NUTREX,407,406,instock,instock,True,stock+/-
18192,18186,variation,745560722152,PROLIVE BIO5 DE CHOCOLATE 5 LBS IMPULSE,330,329,instock,instock,True,stock+/-
18863,18861,variation,713101732137,ULTRA VEGANA STRAWERRY ICE CREAM 3 LBS IMPULSE,14,13,instock,instock,True,stock+/-
19073,19071,variation,748927069815,PROTEIN SHAKE STRAWBERRY 325ML OPTIMUN NUTRICION,98,97,instock,instock,True,stock+/-
18935,18932,variation,7503018110479,WHEY PROTEIN 5 LBS CHOCO COCO,17,16,instock,instock,True,stock+/-
108,0,simple,745560722015,"CREATINE SUPER ATP, 80 SERVS). 400G (UNFLAVORED) (CREATINA)",34,33,instock,instock,True,stock+/-
20406,11808,variation,891597004034,RTD CARNIVOR 500ML CHOCOLATE (MUSCLE MEDS),782,781,instock,instock,True,stock+/-
19088,19081,variation,748927068269,AMINO ENERGY SPARLING AE BERRY BURST OPTIMUN NUTRICION,592,589,instock,instock,True,stock+/-
20467,20464,variation,842595131291,C4 PERFORMANCE 16OZ HAWAIIAN PINEAPLE,3081,3077,instock,instock,True,stock+/-
18913,18910,variation,181030000168,XTEND ORIGINAL 90 SERV. BLUE RASBERRY ICE,7,6,outofstock,instock,True,stock+/-
18934,18932,variation,7503013595776,WHEY PROTEIN 5 LBS DUTCH CHOCOLATE,12,11,instock,instock,True,stock+/-
20471,20464,variation,842595121766,C4 PERFORMANCE COSMIC RAINBOW,76,75,instock,instock,True,stock+/-
19074,19071,variation,748927066586,PROTEIN SHAKER VAINILLA 325 ML OPTIMUN NUTRICION,462,459,instock,instock,True,stock+/-
18864,18861,variation,7113101732151,ULTRA VEGANA CARAMELO PEANUT BUTTER 3 LBS IMPULSE,14,13,instock,instock,True,stock+/-
19002,19000,variation,860007448928,RAW-SLEEP-MIXED BERRY (SOPORTE PARA UN MEJOR SUEÑO REPARADOR),19,18,instock,instock,True,stock+/-
11831,0,simple,666222007984,ACTIVE TIME RELEASED SPORT (MHP),11,10,instock,instock,True,stock+/-
19780,19778,variation,853237000738,PROTEINA ISOFIT COOKIES &CREAM 30 SERV. NUTREX,19,18,instock,instock,True,stock+/-
11830,0,simple,748927023848,CREATINA ON POWDER MICRONISADA,389,388,instock,instock,True,stock+/-
19087,19081,variation,748927060614,AMINO ENERGY SPARLING AE WATHERMELO OPTIMUN NUTRICION,510,507,instock,instock,True,stock+/-
268,0,simple,853237000745,CREATINA MONOHIDRATADA DRIVE 300G NUTREX,1950,1942,instock,instock,True,stock+/-
